Name,Username,Password,Role
Ajay Hansen,ajay.hansen,password123,teacher
Bryony Ortega,bryony.ortega,password123,teacher
Devon Harper,devon.harper,password123,teacher
Dillon Pennington,dillon.pennington,password123,teacher
Eddie Hensley,eddie.hensley,password123,teacher
Inaaya Adkins,inaaya.adkins,password123,admin
Mariya Swanson,mariya.swanson,password123,admin
Miya Harmon,miya.harmon,password123,admin
Muhammad Cochran,muhammad.cochran,password123,admin
Raja Davidson,raja.davidson,password123,admin